x, y, r^2, avg 5-fold RMSE, avg 5-fold r^2 
voronoi_traversal_distance,transError.mean.mean,0.735445724902,0.0740049697517,0.606604424518
voronoi_traversal_distance,transError.std.mean,0.723809853919,0.0840180369248,0.610801045397
voronoi_traversal_distance,rotError.numSamples.mean,0.630330519254,1295.73832557,0.592721676463
voronoi_traversal_distance,transError.numSamples.mean,0.630330519254,1348.59856921,0.546545819696
voronoi_traversal_distance,transError.mean.std,0.574461373829,0.0208817749852,0.526150700219
voronoi_traversal_distance,transError.std.std,0.402914622104,0.066032771167,0.366844892952
voronoi_edges,transError.std.mean,0.387529492653,0.127369713486,0.318426721487
voronoi_nodes,transError.std.mean,0.385830694582,0.126552605892,0.336517836442
numRooms,transError.mean.std,0.376852758041,0.0248467567957,0.302952486136
voronoi_nodes,transError.mean.std,0.357634409954,0.0255444174547,0.292322877178
voronoi_edges,transError.mean.std,0.353693570702,0.0271303849907,0.234589330134
voronoi_numBifurcationPoints,transError.std.mean,0.347236719889,0.132508500849,0.252794501375
numRooms,transError.std.mean,0.339724795847,0.12970338918,0.199359851828
voronoi_edges,transError.mean.mean,0.330537172926,0.111730551856,0.271563055065
voronoi_nodes,transError.mean.mean,0.329203469986,0.116481669469,0.0457323839266
voronoi_numTerminalPoints,transError.mean.std,0.325488305307,0.0264760261417,0.229899609655
voronoi_numBifurcationPoints,transError.mean.std,0.324678449919,0.0272179317507,0.219468953085
voronoi_numTerminalPoints,transError.std.mean,0.324372111803,0.134657813854,0.275184027977
voronoi_avg_shortest_path_length,transError.std.mean,0.316466465161,0.13410804326,0.165302241081
numRooms,transError.mean.mean,0.314312768725,0.115946676959,0.150302303719
voronoi_numTerminalPoints,rotError.std.mean,0.313859812656,0.00489273839309,-0.148220188932
voronoi_numTerminalPoints,rotError.mean.mean,0.311812387854,0.00335176572282,0.0551751752855
voronoi_nodes,rotError.numSamples.mean,0.309443986916,1833.83784373,-0.154426444869
voronoi_nodes,transError.numSamples.mean,0.309443986916,1815.81571418,0.137775178401
voronoi_avg_shortest_path_length,transError.mean.mean,0.3076848006,0.114695217266,0.158832878977
voronoi_edges,rotError.numSamples.mean,0.304090518473,2000.95165972,0.106434960012
voronoi_edges,transError.numSamples.mean,0.304090518473,1833.42457295,0.279436807676
voronoi_numBifurcationPoints,transError.mean.mean,0.295880134398,0.119545390842,0.117540586195
voronoi_nodes,rotError.std.mean,0.295317270506,0.00483368351665,-0.149217723833
voronoi_traversal_distance,rotError.numSamples.std,0.292992929122,2576.26978733,-0.477854129276
voronoi_traversal_distance,transError.numSamples.std,0.292992929122,2736.93148728,-0.373122064601
topology_nodes,transError.mean.std,0.287967399462,0.0274710354501,0.163206404948
voronoi_edges,rotError.std.mean,0.286435668347,0.00499967809818,0.0160744474647
voronoi_numBifurcationPoints,rotError.std.mean,0.281424705226,0.00516376071974,0.0173651468678
voronoi_nodes,rotError.mean.mean,0.280767694502,0.00352584831653,0.0762542946183
topology_std_eigenvector_centrality,transError.mean.std,0.279144298695,0.0274442338731,0.140115956595
voronoi_std_eigenvector_centrality,transError.mean.std,0.277572648422,0.0289180424176,-0.184234891835
voronoi_traversal_distance,rotError.std.mean,0.277443561778,0.00534092941198,-0.191462086349
voronoi_std_betweenness_centrality,transError.mean.std,0.276904835236,0.0269929073369,0.133494207314
voronoi_avg_betweenness_centrality,transError.mean.std,0.274717896519,0.0270318644339,0.240769355205
voronoi_radius,transError.mean.mean,0.27255930667,0.119698901994,0.120087552462
topology_edges,transError.mean.std,0.271932927582,0.02757492059,0.225235876157
voronoi_avg_shortest_path_length,transError.mean.std,0.27189168214,0.0272983896217,0.13666666343
voronoi_numTerminalPoints,transError.mean.mean,0.271000868619,0.123011593739,0.191169263865
numRooms,rotError.numSamples.mean,0.269929009192,1928.19817767,0.182206505762
numRooms,transError.numSamples.mean,0.269929009192,1843.64977893,-0.0105177989508
voronoi_edges,rotError.mean.mean,0.268548844673,0.00346623770689,0.166921464652
voronoi_numBifurcationPoints,rotError.mean.mean,0.268130135785,0.00332274298434,-0.0669768134841
voronoi_std_katz_centrality,transError.mean.std,0.266087329274,0.0311349796739,0.0966943297096
voronoi_traversal_distance,rotError.mean.mean,0.26417347351,0.00357083255815,-0.232504856959
topology_std_betweenness_centrality,transError.mean.std,0.263147277474,0.0292916721009,0.0309286683087
voronoi_std_eigenvector_centrality,transError.std.mean,0.263110176803,0.143704336167,0.110462779703
topology_nodes,transError.mean.mean,0.260686934551,0.123761078563,0.0675881411733
topology_std_eigenvector_centrality,transError.mean.mean,0.258952720566,0.120787014527,-0.0225760555285
voronoi_numTerminalPoints,rotError.numSamples.mean,0.258027315066,1943.31670034,0.034649887172
voronoi_numTerminalPoints,transError.numSamples.mean,0.258027315066,1922.8538168,-0.308806699101
voronoi_radius,transError.std.mean,0.254480523487,0.139670633717,0.131335832547
voronoi_std_eigenvector_centrality,transError.mean.mean,0.251937511627,0.125871627935,0.138060174232
voronoi_diameter,transError.std.mean,0.247821558075,0.142239299048,0.152584637862
voronoi_std_katz_centrality,transError.std.mean,0.246491636386,0.156836645919,0.0541150177007
voronoi_avg_betweenness_centrality,transError.std.mean,0.246245705056,0.141773212477,0.189863434736
topology_nodes,transError.std.mean,0.245517517788,0.139646869825,0.234346321967
voronoi_avg_shortest_path_length,rotError.numSamples.mean,0.244249528862,1884.01723172,-1.18755643708
voronoi_avg_shortest_path_length,transError.numSamples.mean,0.244249528862,1947.1979316,0.248218390556
voronoi_numBifurcationPoints,rotError.numSamples.mean,0.2420000686,1917.80209309,0.26095395328
voronoi_numBifurcationPoints,transError.numSamples.mean,0.2420000686,1935.82513893,-0.161695917111
voronoi_radius,transError.mean.std,0.240807446859,0.0281251054778,0.138094188189
voronoi_std_katz_centrality,transError.mean.mean,0.23969175645,0.127065296015,0.0803782407453
topology_avg_katz_centrality,transError.mean.std,0.238549402706,0.0312817868442,-0.275393397469
voronoi_std_closeness_centrality,transError.mean.std,0.236485837684,0.0296825398636,0.0313326247187
voronoi_diameter,transError.mean.mean,0.232859218951,0.128565149606,-0.0265389217576
voronoi_std_betweenness_centrality,transError.mean.mean,0.23102259224,0.12371109113,0.171864589941
topology_edges,transError.mean.mean,0.230230836772,0.131191697935,0.172876340027
topology_std_eigenvector_centrality,transError.std.mean,0.227991439376,0.146881596204,0.201106215747
voronoi_std_betweenness_centrality,transError.std.mean,0.227074476164,0.14312042366,0.0794602222393
topology_edges,transError.std.mean,0.223008701965,0.144196065124,0.127958823715
topology_avg_betweenness_centrality,transError.mean.std,0.222806492628,0.0286205986883,0.0761154937212
voronoi_avg_betweenness_centrality,transError.mean.mean,0.22233281193,0.124033244678,0.176461047583
voronoi_radius,rotError.mean.mean,0.213913555947,0.00359796583098,-0.097424907364
voronoi_std_closeness_centrality,transError.mean.mean,0.212943979205,0.136323831936,-0.0609456854084
numRooms,rotError.mean.mean,0.211123495115,0.00341885101601,0.177348809117
voronoi_diameter,transError.mean.std,0.204633432581,0.0287163041096,0.0456245204508
topology_std_betweenness_centrality,transError.mean.mean,0.204317311432,0.136556333602,-0.177073166581
topology_avg_katz_centrality,transError.mean.mean,0.203424756862,0.145298003392,0.0255937534112
voronoi_avg_shortest_path_length,rotError.mean.mean,0.201817393207,0.00371503336833,-0.305670627852
voronoi_std_eigenvector_centrality,rotError.numSamples.mean,0.201345453591,1991.45226524,0.180798700465
voronoi_std_eigenvector_centrality,transError.numSamples.mean,0.201345453591,2054.92891121,-0.111105221691
roomPerimeter,transError.std.mean,0.197868662133,0.143562119579,0.0963511461085
voronoi_radius,rotError.std.mean,0.197215469246,0.00522758872632,-0.168906868304
topology_avg_eigenvector_centrality,transError.mean.std,0.194180148963,0.0306122618322,-0.10864671362
voronoi_std_katz_centrality,rotError.numSamples.mean,0.189835243009,2072.69188178,-0.030239074195
voronoi_std_katz_centrality,transError.numSamples.mean,0.189835243009,1999.84049195,-1.56564944614
voronoi_std_closeness_centrality,transError.std.mean,0.188734473069,0.157136597921,-0.0336163143914
voronoi_std_eigenvector_centrality,rotError.mean.mean,0.188589356743,0.0033810362752,-0.0198468995631
voronoi_avg_betweenness_centrality,rotError.numSamples.mean,0.18582870318,2028.85707959,0.00659513453225
voronoi_avg_betweenness_centrality,transError.numSamples.mean,0.18582870318,2022.32420524,-0.140869765789
numRooms,rotError.std.mean,0.185692270039,0.00494736722225,0.0225657382173
voronoi_avg_shortest_path_length,rotError.std.mean,0.184411118007,0.00483770231823,-0.267040452075
topology_nodes,rotError.numSamples.mean,0.181779233911,1969.64463669,0.108628925171
topology_nodes,transError.numSamples.mean,0.181779233911,1924.13364879,-0.00154824890339
voronoi_std_katz_centrality,rotError.mean.mean,0.179717933297,0.00362515026599,0.0412741138308
voronoi_avg_betweenness_centrality,rotError.mean.mean,0.179496083402,0.00363698120694,0.0201998955301
voronoi_nodes,transError.std.std,0.179096076278,0.0749780400738,-0.401673743997
topology_std_eigenvector_centrality,rotError.numSamples.mean,0.177252556302,1983.36803745,-0.0064140404781
topology_std_eigenvector_centrality,transError.numSamples.mean,0.177252556302,2006.41556673,-0.00271700578986
voronoi_edges,transError.std.std,0.177200190523,0.0754963832575,-0.0266913280581
voronoi_radius,rotError.numSamples.mean,0.177144798651,1921.40712256,0.159991070707
voronoi_radius,transError.numSamples.mean,0.177144798651,1983.93934394,0.127210394276
topology_std_betweenness_centrality,transError.std.mean,0.175795278394,0.15627877174,0.102590147577
voronoi_diameter,rotError.mean.mean,0.175569694644,0.00360946616989,-0.246578986989
roomPerimeter,transError.mean.mean,0.174063384782,0.129032049685,0.0995890486799
topology_avg_katz_centrality,transError.std.mean,0.173492955137,0.164333808457,-0.0449670127767
topology_nodes,rotError.mean.mean,0.171699154673,0.00357220684073,0.0559033051806
voronoi_std_closeness_centrality,rotError.mean.mean,0.171451472507,0.00362397380043,-0.430934387221
voronoi_diameter,rotError.numSamples.mean,0.170652816817,1922.3720329,-0.154965462138
voronoi_diameter,transError.numSamples.mean,0.170652816817,2022.87176175,-0.0478478581914
voronoi_avg_closeness_centrality,transError.mean.std,0.169436257327,0.0294696779332,-0.0139565529877
topology_edges,rotError.numSamples.mean,0.169200644898,2069.13641795,0.0389382389056
topology_edges,transError.numSamples.mean,0.169200644898,2070.40205266,0.0965562141811
voronoi_avg_betweenness_centrality,rotError.std.mean,0.167562404099,0.00485377049937,0.138578923814
topology_avg_betweenness_centrality,transError.mean.mean,0.16696066879,0.131567957923,0.0151533889313
topology_avg_eigenvector_centrality,transError.mean.mean,0.166353580412,0.1386701684,-0.0161484125321
voronoi_avg_closeness_centrality,transError.mean.mean,0.166353269989,0.142325738195,-0.0993378543662
voronoi_avg_closeness_centrality,transError.std.mean,0.163013784737,0.169688312616,-0.244825864224
voronoi_diameter,rotError.std.mean,0.162531061845,0.00536562880552,-0.227877331376
topology_nodes,rotError.std.mean,0.162129827804,0.00489274733931,-0.00958201424428
topology_edges,rotError.mean.mean,0.161178323308,0.00347954014505,-0.0161980751934
voronoi_std_eigenvector_centrality,rotError.std.mean,0.160943306688,0.00482584063829,-0.30705671303
voronoi_avg_eigenvector_centrality,transError.mean.std,0.158842776292,0.0321259290033,-1.07926115355
topology_edges,rotError.std.mean,0.152032924783,0.00499205603447,0.105190598178
voronoi_std_katz_centrality,rotError.std.mean,0.150663050617,0.00510526202201,-0.240462629007
voronoi_avg_shortest_path_length,transError.std.std,0.149039559442,0.0766183451835,0.0766426523982
voronoi_std_closeness_centrality,rotError.numSamples.mean,0.147895976747,2063.43287152,-0.157966800514
voronoi_std_closeness_centrality,transError.numSamples.mean,0.147895976747,2176.00873195,-0.478641265331
voronoi_traversal_distance,rotError.std.std,0.147175587111,0.0199177104701,-9.91676341205
topology_avg_eigenvector_centrality,transError.std.mean,0.146516041991,0.16497693571,-0.520679771833
topology_numBifurcationPoints,transError.mean.std,0.145447731541,0.0306357775667,-0.106607440296
voronoi_std_betweenness_centrality,rotError.mean.mean,0.142018757039,0.00356637495714,-0.140016654807
voronoi_avg_eigenvector_centrality,transError.mean.mean,0.141075632752,0.166343485533,-0.516669197853
voronoi_numTerminalPoints,transError.std.std,0.140659166797,0.0785756874114,0.102917174869
voronoi_std_eigenvector_centrality,transError.std.std,0.138376766567,0.0810063633055,-0.0537651360177
topology_density,transError.mean.std,0.137615556932,0.0376854165108,-1.19111867089
voronoi_std_betweenness_centrality,rotError.std.mean,0.137101420395,0.00493643227456,-0.359692666474
voronoi_traversal_distance,rotError.mean.std,0.135821519631,0.0115988366573,-19.2904243354
voronoi_std_betweenness_centrality,rotError.numSamples.mean,0.135681495204,2074.34463561,-0.158750823853
voronoi_std_betweenness_centrality,transError.numSamples.mean,0.135681495204,2069.64339551,0.122358715795
topology_numBifurcationPoints,transError.std.mean,0.135289599014,0.153332828864,0.0202172109664
voronoi_nodes,rotError.numSamples.std,0.134559904839,3002.1802926,-0.213893604825
voronoi_nodes,transError.numSamples.std,0.134559904839,2942.46458133,-1.14679981869
topology_std_eigenvector_centrality,rotError.std.mean,0.134359437392,0.00501911409537,0.00620756498209
voronoi_avg_betweenness_centrality,transError.std.std,0.134247931762,0.0818518817638,0.0199086737002
voronoi_avg_eigenvector_centrality,transError.std.mean,0.131831638822,0.180113438069,-0.330917773644
voronoi_avg_closeness_centrality,rotError.numSamples.mean,0.131664824962,2140.88287552,-0.0172076796835
voronoi_avg_closeness_centrality,transError.numSamples.mean,0.131664824962,2174.44073203,-0.28899459768
voronoi_std_closeness_centrality,rotError.std.mean,0.129502913814,0.00540672094405,0.0754778559445
voronoi_edges,rotError.numSamples.std,0.129454547625,2875.37937375,-0.118377238704
voronoi_edges,transError.numSamples.std,0.129454547625,2969.04815547,-0.280991679124
voronoi_std_katz_centrality,transError.std.std,0.129424679443,0.0794426989285,0.0672146464336
topology_std_eigenvector_centrality,rotError.mean.mean,0.128700349244,0.00361595047111,0.0126110605672
topology_avg_betweenness_centrality,transError.std.mean,0.126920920288,0.156673819486,-0.0759847557612
topology_std_betweenness_centrality,rotError.numSamples.mean,0.125054646194,2211.42751899,0.0392912777991
topology_std_betweenness_centrality,transError.numSamples.mean,0.125054646194,2156.41649534,0.0564446306983
roomPerimeter,transError.mean.std,0.124760819354,0.0305977215184,0.0245229300004
voronoi_avg_closeness_centrality,rotError.mean.mean,0.123843990597,0.00396460620193,-0.057366823787
voronoi_numBifurcationPoints,transError.std.std,0.123307153506,0.0784250917893,-0.134550267414
topology_avg_katz_centrality,rotError.numSamples.mean,0.121578579684,2231.41649881,-0.296786003673
topology_avg_katz_centrality,transError.numSamples.mean,0.121578579684,2243.96647688,-0.821498045042
voronoi_density,transError.mean.std,0.120984644875,0.0368408399562,-0.568259406885
voronoi_numTerminalPoints,rotError.std.std,0.119802472777,0.0195396147731,-4.61297473867
numRooms,transError.std.std,0.118440578033,0.0802753885966,0.0504492414863
topology_numBifurcationPoints,rotError.numSamples.mean,0.117693914427,2123.65784447,-0.144396414466
topology_numBifurcationPoints,transError.numSamples.mean,0.117693914427,2125.59486542,-0.00799493903577
topology_density,transError.mean.mean,0.112860073496,0.170008817131,-1.27829223719
topology_std_eigenvector_centrality,transError.std.std,0.112475184802,0.074950759704,0.074800143468
topology_nodes,transError.std.std,0.111787672633,0.0828869894322,-0.185750755116
voronoi_avg_shortest_path_length,rotError.numSamples.std,0.110692555134,2947.45547174,-0.893787025449
voronoi_avg_shortest_path_length,transError.numSamples.std,0.110692555134,3014.33251098,-0.182085685987
voronoi_avg_eigenvector_centrality,rotError.mean.mean,0.110382839695,0.00390027000937,-0.126014391366
topology_numBifurcationPoints,transError.mean.mean,0.109858102493,0.13274745151,-0.231097662249
voronoi_avg_eigenvector_centrality,rotError.numSamples.mean,0.109346494743,2187.57512262,-0.491041199563
voronoi_avg_eigenvector_centrality,transError.numSamples.mean,0.109346494743,2247.91487681,-0.334099160433
topology_nodes,rotError.numSamples.std,0.10793638164,3138.41990504,0.108906452628
topology_nodes,transError.numSamples.std,0.10793638164,2970.9622454,-0.285196394885
voronoi_nodes,rotError.std.std,0.107511343443,0.0184918525226,-10.9289617407
numRooms,rotError.numSamples.std,0.10692195698,2878.46321496,-0.220168540698
numRooms,transError.numSamples.std,0.10692195698,3022.99293692,-1.33181507818
voronoi_std_eigenvector_centrality,rotError.numSamples.std,0.10580022827,3051.21518955,-0.227287807544
voronoi_std_eigenvector_centrality,transError.numSamples.std,0.10580022827,3017.32147185,-0.487942971794
topology_std_betweenness_centrality,rotError.mean.mean,0.103293767482,0.00386427010609,-0.23388093151
voronoi_edges,rotError.std.std,0.102059749159,0.0186781339131,-16.0318782771
voronoi_numTerminalPoints,rotError.mean.std,0.101926781608,0.0109260883207,-15.2928298046
voronoi_numBifurcationPoints,rotError.std.std,0.100460037756,0.0176504142135,-10.0872387981
voronoi_avg_betweenness_centrality,rotError.numSamples.std,0.0999893397975,3075.85029577,-0.40247511174
voronoi_avg_betweenness_centrality,transError.numSamples.std,0.0999893397975,3059.67658456,-0.0071769547822
voronoi_numTerminalPoints,rotError.numSamples.std,0.0999842056861,3123.2964972,-0.0268060465562
voronoi_numTerminalPoints,transError.numSamples.std,0.0999842056861,3295.63196261,-0.72949817487
topology_std_closeness_centrality,transError.std.mean,0.0999499095089,0.15585577802,0.0344961849994
voronoi_std_katz_centrality,rotError.numSamples.std,0.0998521340471,3026.30077596,0.126520943201
voronoi_std_katz_centrality,transError.numSamples.std,0.0998521340471,2865.02269486,0.0353058587266
topology_avg_eigenvector_centrality,rotError.numSamples.mean,0.0997720905963,2289.50013395,-0.0889221377273
topology_avg_eigenvector_centrality,transError.numSamples.mean,0.0997720905963,2247.67441853,-0.999336008977
voronoi_density,transError.mean.mean,0.0997068888043,0.15663013309,-0.713469632412
topology_std_closeness_centrality,transError.mean.mean,0.0995231632407,0.134293474548,-0.11672642044
voronoi_std_closeness_centrality,transError.std.std,0.0995057917735,0.0832772329584,-0.19122162834
topology_avg_katz_centrality,rotError.mean.mean,0.0982315966741,0.00411667486949,-0.255447577651
voronoi_density,transError.std.mean,0.0964646853723,0.217795402356,-4.13423256106
voronoi_avg_closeness_centrality,rotError.std.mean,0.096015503546,0.00519094158002,-0.406445081414
voronoi_density,rotError.mean.mean,0.09600505463,0.00441409372768,-1.21961816149
topology_avg_betweenness_centrality,rotError.numSamples.mean,0.0951758899474,2198.68745058,-0.386299620787
topology_avg_betweenness_centrality,transError.numSamples.mean,0.0951758899474,2143.89061387,-1.19620911423
topology_std_eigenvector_centrality,rotError.numSamples.std,0.0935362636213,3201.32194115,-0.646761996817
topology_std_eigenvector_centrality,transError.numSamples.std,0.0935362636213,3090.86160634,-0.0625460802814
voronoi_radius,rotError.std.std,0.0929488018927,0.0194278799687,-9.05193991891
topology_edges,rotError.numSamples.std,0.091405105502,2941.281241,-0.0327005852382
topology_edges,transError.numSamples.std,0.091405105502,3270.72827141,-1.28958620587
voronoi_radius,transError.std.std,0.0907664324346,0.0789024708602,0.0321385152003
perimeter,transError.std.mean,0.0899464635456,0.155691758131,-0.0831595440092
topology_density,transError.std.mean,0.0889533370388,0.19995133557,-0.867486103158
voronoi_nodes,rotError.mean.std,0.0889046887908,0.0114352590629,-12.3417952897
area,transError.std.mean,0.0884294368244,0.155648614276,0.0546762208765
topology_std_closeness_centrality,transError.mean.std,0.0882105189549,0.0296628690821,-0.0939384767177
voronoi_std_betweenness_centrality,transError.std.std,0.0869146470975,0.080429015442,-0.0325865687222
topology_edges,transError.std.std,0.0857453305827,0.081054313311,0.0103505787018
roomPerimeter,rotError.numSamples.mean,0.0847834933254,2057.13272205,0.0759637483869
roomPerimeter,transError.numSamples.mean,0.0847834933254,2077.23463414,-0.20826650644
voronoi_diameter,transError.std.std,0.0846871039057,0.0793345281775,-0.028883842513
voronoi_avg_eigenvector_centrality,rotError.std.mean,0.0841825385279,0.00580457235672,-0.144299913818
voronoi_numBifurcationPoints,rotError.mean.std,0.0837172709302,0.0101456606325,-16.0572630429
voronoi_edges,rotError.mean.std,0.0835958433812,0.0110443683357,-16.8510073531
voronoi_density,rotError.numSamples.mean,0.0834412754638,2325.04490102,-0.359698990452
voronoi_density,transError.numSamples.mean,0.0834412754638,2438.70751467,-0.4249906119
voronoi_std_closeness_centrality,rotError.numSamples.std,0.0833686431744,3137.81769845,-0.480081902689
voronoi_std_closeness_centrality,transError.numSamples.std,0.0833686431744,3189.21668634,0.0335150330052
voronoi_avg_closeness_centrality,transError.std.std,0.0833098401346,0.0845031303128,-0.282554923353
topology_std_betweenness_centrality,rotError.std.mean,0.0827245998668,0.00542089874299,-0.472179816213
topology_avg_betweenness_centrality,rotError.mean.mean,0.0819247689718,0.00392759817366,-0.748692401678
topology_avg_eigenvector_centrality,rotError.mean.mean,0.0817026322456,0.00419953426699,-1.07857506158
topology_std_betweenness_centrality,transError.std.std,0.0787504835642,0.0826932126637,0.0489170425843
topology_avg_katz_centrality,transError.std.std,0.0781826319757,0.0842063414561,-0.0773213151843
voronoi_avg_shortest_path_length,rotError.std.std,0.0779748951368,0.0173760465046,-7.63740366378
voronoi_radius,rotError.mean.std,0.0771718316784,0.010906130124,-8.87915096744
topology_avg_katz_centrality,rotError.std.mean,0.0767043347067,0.00583603397064,-1.45986459839
area,transError.mean.mean,0.0754267867664,0.13411978365,-0.00383176997761
topology_avg_betweenness_centrality,rotError.std.mean,0.0747656456256,0.00514501209123,-0.515573987439
voronoi_numBifurcationPoints,rotError.numSamples.std,0.0737940393546,2989.01795095,-0.156364589879
voronoi_numBifurcationPoints,transError.numSamples.std,0.0737940393546,2925.50887417,0.0192356800026
voronoi_density,rotError.std.mean,0.0736606797413,0.00619935307099,-1.45081073936
topology_numBifurcationPoints,rotError.mean.mean,0.073378812534,0.00385074501687,0.0840099820337
topology_avg_katz_centrality,rotError.numSamples.std,0.0732501635111,3483.82321617,-0.290332979868
topology_avg_katz_centrality,transError.numSamples.std,0.0732501635111,3311.5612604,-2.7583822988
voronoi_radius,rotError.numSamples.std,0.0732332154406,3112.24022547,-0.118615906262
voronoi_radius,transError.numSamples.std,0.0732332154406,3009.66950584,-0.125796560679
topology_std_betweenness_centrality,rotError.numSamples.std,0.0703801152577,3206.61441657,-2.35749777713
topology_std_betweenness_centrality,transError.numSamples.std,0.0703801152577,3292.65842641,-0.605862748365
voronoi_avg_closeness_centrality,rotError.numSamples.std,0.0697128293155,3188.77025198,-0.02965308595
voronoi_avg_closeness_centrality,transError.numSamples.std,0.0697128293155,2991.10347788,-0.0594029123726
perimeter,transError.mean.mean,0.0693985151953,0.135170213109,-0.0342813388393
voronoi_avg_eigenvector_centrality,transError.std.std,0.0693677328291,0.0869776125637,-0.752493002722
voronoi_diameter,rotError.std.std,0.0683271137656,0.0174430747171,-8.3835994855
topology_avg_eigenvector_centrality,transError.std.std,0.0662108773611,0.0873060334941,-0.178692854374
topology_std_closeness_centrality,rotError.numSamples.mean,0.0647572023647,2154.42661552,0.0226718234247
topology_std_closeness_centrality,transError.numSamples.mean,0.0647572023647,2157.31897798,-0.0490286747495
topology_numBifurcationPoints,rotError.numSamples.std,0.0643248137139,3115.03086461,-0.235310277438
topology_numBifurcationPoints,transError.numSamples.std,0.0643248137139,3168.24232124,-0.708092739004
voronoi_avg_shortest_path_length,rotError.mean.std,0.0630649109778,0.0102460655625,-9.50620845308
topology_density,rotError.numSamples.mean,0.0623080490537,2448.69081493,-1.12214016345
topology_density,transError.numSamples.mean,0.0623080490537,2571.2392528,-0.499442400704
topology_avg_eigenvector_centrality,rotError.numSamples.std,0.0612364321797,3281.790929,-0.779766382998
topology_avg_eigenvector_centrality,transError.numSamples.std,0.0612364321797,3231.40425448,-0.465755084282
voronoi_avg_eigenvector_centrality,rotError.numSamples.std,0.0604113634077,3152.68219371,-0.529697513631
voronoi_avg_eigenvector_centrality,transError.numSamples.std,0.0604113634077,3300.16760242,-0.208389863778
topology_numBifurcationPoints,rotError.std.mean,0.060212910704,0.00508411683171,-0.0316530785303
topology_avg_betweenness_centrality,rotError.numSamples.std,0.0598348153388,3192.64678472,-0.739625237864
topology_avg_betweenness_centrality,transError.numSamples.std,0.0598348153388,3091.36680274,-0.127243567711
topology_avg_eigenvector_centrality,rotError.std.mean,0.0590846726703,0.00592441255472,-0.0264487259365
topology_avg_betweenness_centrality,transError.std.std,0.0586136009547,0.0848134018631,-0.202911522405
topology_numBifurcationPoints,transError.std.std,0.0575336791085,0.0821380541717,-0.136256650134
voronoi_diameter,rotError.numSamples.std,0.0562751814951,3037.34553776,-0.0604075043061
voronoi_diameter,transError.numSamples.std,0.0562751814951,3120.53097387,-0.0870722051315
entropy,rotError.std.mean,0.0553843223102,0.00548558348279,-0.458435082177
voronoi_density,transError.std.std,0.054903585313,0.0876668398987,-1.43619556687
entropy,rotError.numSamples.std,0.0548285205169,3255.62817534,-0.175457125095
entropy,transError.numSamples.std,0.0548285205169,3143.43683619,-0.329378998695
voronoi_std_betweenness_centrality,rotError.numSamples.std,0.0545798409818,3112.77853817,0.00473854553738
voronoi_std_betweenness_centrality,transError.numSamples.std,0.0545798409818,3077.6730438,-0.362299325312
voronoi_diameter,rotError.mean.std,0.0542038655543,0.0101468176717,-7.84853403691
entropy,rotError.mean.mean,0.0507514430973,0.00385772608323,-0.158453702201
topology_avg_closeness_centrality,transError.std.mean,0.0493136338169,0.160840388593,-0.111375462956
voronoi_density,rotError.numSamples.std,0.0489821647728,3200.61893335,-1.17901344425
voronoi_density,transError.numSamples.std,0.0489821647728,3385.40825933,-4.16069938266
topology_density,transError.std.std,0.0457238112093,0.101944626506,-1.01621601796
topology_std_closeness_centrality,transError.std.std,0.0457039479722,0.0818083290651,-0.0550521776321
avgRoomPerimeter,rotError.mean.mean,0.0455576068879,0.00375787420928,-0.0733267480632
avgRoomArea,transError.std.mean,0.0455266673029,0.157124542956,-0.232748347994
avgRoomArea,transError.mean.mean,0.0442550207853,0.139926768799,-0.110040706363
roomPerimeter,transError.std.std,0.0425528369756,0.0831985298936,-0.136689822287
topology_density,rotError.mean.mean,0.0425420259981,0.00406107019752,-1.01816282701
topology_density,rotError.numSamples.std,0.0421951540664,3991.43270191,-0.423549192317
topology_density,transError.numSamples.std,0.0421951540664,3813.67545687,-0.31199835906
entropy,transError.std.std,0.0411601948671,0.0864614929447,-0.134716853743
topology_radius,transError.std.mean,0.0408112464517,0.156102868681,-0.0187259971661
voronoi_std_eigenvector_centrality,rotError.std.std,0.0405801436359,0.0160663115593,-6.40685793442
topology_avg_closeness_centrality,transError.mean.mean,0.0403376438351,0.137801582633,-0.231185199068
topology_nodes,rotError.std.std,0.0403246768116,0.0170674013253,-2.7491377824
topology_avg_closeness_centrality,transError.mean.std,0.0376300982559,0.0311973929555,-0.14490140628
voronoi_avg_betweenness_centrality,rotError.std.std,0.0371249458186,0.0170489406864,-4.29455494588
voronoi_std_katz_centrality,rotError.std.std,0.0370398075268,0.0167671944762,-5.13749291431
topology_std_closeness_centrality,rotError.numSamples.std,0.0364061864634,3198.93964083,-0.464794145147
topology_std_closeness_centrality,transError.numSamples.std,0.0364061864634,3260.03067184,-0.201634011951
voronoi_std_eigenvector_centrality,rotError.mean.std,0.0350272721179,0.00932557876123,-9.67002315943
topology_avg_shortest_path_length,transError.std.mean,0.0349667805336,0.161580661283,-0.144438237889
numRooms,rotError.std.std,0.0347489726993,0.0173742114157,-3.78121994142
voronoi_std_closeness_centrality,rotError.std.std,0.0346617022336,0.0174876496889,-8.45387776568
topology_diameter,transError.std.mean,0.034442535542,0.159908911174,-0.0715355865574
wallRatio,rotError.numSamples.std,0.0335063780366,3071.59821705,-0.539379440717
wallRatio,transError.numSamples.std,0.0335063780366,3101.83922703,-0.135893022698
topology_radius,transError.mean.std,0.0328011454547,0.0322708020969,-0.199967539794
topology_nodes,rotError.mean.std,0.0324040442211,0.00948190472696,-7.47292025509
voronoi_std_katz_centrality,rotError.mean.std,0.0323000820052,0.00978738696736,-4.70599804732
voronoi_avg_betweenness_centrality,rotError.mean.std,0.0321347664025,0.00917724315234,-4.10604869092
topology_std_closeness_centrality,rotError.mean.mean,0.0317331840582,0.00385480291199,-0.212631347151
avgRoomPerimeter,rotError.std.mean,0.0314601013881,0.00521349482649,-0.217481042974
topology_diameter,rotError.mean.mean,0.0313497333241,0.00383995063606,-0.356499212161
voronoi_std_closeness_centrality,rotError.mean.std,0.0311964686861,0.00957789147163,-8.11771095325
topology_radius,transError.mean.mean,0.0311931771245,0.143154301214,-0.0957728710201
entropy,rotError.std.std,0.0311021257655,0.0171453677791,-5.39638092912
perimeter,rotError.numSamples.mean,0.0304285759321,2227.7531352,-0.0837814925295
perimeter,transError.numSamples.mean,0.0304285759321,2137.87268275,-0.187700276058
area,rotError.numSamples.mean,0.0299277575106,2186.07887512,-0.0959407438154
area,transError.numSamples.mean,0.0299277575106,2163.1006798,-0.170736713131
numRooms,rotError.mean.std,0.0298438700837,0.00918568278229,-5.25496632394
topology_avg_closeness_centrality,rotError.numSamples.mean,0.0298348351832,2180.32535068,-0.259266597768
topology_avg_closeness_centrality,transError.numSamples.mean,0.0298348351832,2201.73934198,-0.0292091674693
topology_edges,rotError.std.std,0.0290451155383,0.0166727488204,-3.66564615943
topology_density,rotError.std.mean,0.0279001578983,0.00701468860466,-2.43537088886
topology_std_eigenvector_centrality,rotError.std.std,0.0278934667761,0.0160713267408,-2.79440771618
topology_diameter,transError.mean.std,0.0276912347104,0.0323510950366,-0.238246263573
voronoi_avg_closeness_centrality,rotError.std.std,0.0274305954459,0.0175567045483,-5.1383768005
entropy,rotError.mean.std,0.0273054196759,0.00907679766235,-5.79939592951
avgRoomWallRatio,transError.std.mean,0.0268727354194,0.159947321835,-0.0301881217149
voronoi_std_betweenness_centrality,rotError.std.std,0.02686411771,0.0167562331733,-3.21152804624
wallRatio,transError.std.std,0.0264820867626,0.083874387719,-0.118690916237
topology_diameter,transError.mean.mean,0.0256271530652,0.141003514612,-0.0707465456259
avgRoomArea,rotError.numSamples.mean,0.0241454628374,2275.1856216,-0.0957307011866
avgRoomArea,transError.numSamples.mean,0.0241454628374,2232.08384139,-0.191166866119
voronoi_avg_closeness_centrality,rotError.mean.std,0.0239700093245,0.0102014073681,-5.58809073853
voronoi_std_betweenness_centrality,rotError.mean.std,0.023786695869,0.00921675999978,-5.78526539119
topology_radius,rotError.mean.mean,0.0231824682184,0.00385254103923,-0.213341754412
topology_edges,rotError.mean.std,0.02307946461,0.00943098466721,-3.96602242713
topology_avg_shortest_path_length,transError.mean.mean,0.022886459221,0.138021686562,-0.0867171266169
topology_avg_closeness_centrality,transError.std.std,0.0228161038413,0.0812116500288,-0.0727260775474
topology_std_eigenvector_centrality,rotError.mean.std,0.0222538040335,0.00911818295266,-6.02696488547
voronoi_avg_katz_centrality,rotError.std.mean,0.0218515882312,0.00552293964879,-0.206057801251
roomPerimeter,rotError.std.mean,0.0214897324362,0.00520701054246,-0.0409868473936
avgRoomArea,rotError.mean.mean,0.0209535094402,0.00412238703069,-0.243745582868
perimeter,transError.mean.std,0.020700898469,0.0314489452165,-0.0839086594378
voronoi_avg_katz_centrality,rotError.mean.mean,0.0203064556291,0.00403609697839,-0.170602675094
area,transError.mean.std,0.0191608175241,0.0315676291587,0.00362704361588
voronoi_avg_eigenvector_centrality,rotError.std.std,0.0191047357656,0.015822270241,-6.99109098071
topology_avg_katz_centrality,rotError.std.std,0.0183401472517,0.0181758907984,-2.17110905033
wallRatio,rotError.numSamples.mean,0.0182131485915,2150.4868412,-0.0879542345345
wallRatio,transError.numSamples.mean,0.0182131485915,2184.50668911,-0.225537026794
topology_avg_betweenness_centrality,rotError.std.std,0.0181434621207,0.0169787675275,-2.02032679764
voronoi_avg_eigenvector_centrality,rotError.mean.std,0.0177728109578,0.0101129382165,-8.70042994213
topology_avg_shortest_path_length,transError.mean.std,0.017496497476,0.0313033539495,-0.223886436869
topology_radius,rotError.numSamples.mean,0.0173793136158,2166.4961672,-0.41315510063
topology_radius,transError.numSamples.mean,0.0173793136158,2152.74364732,-0.535629685843
topology_avg_betweenness_centrality,rotError.mean.std,0.0168402336013,0.00947671603808,-7.52340482454
wallRatio,rotError.std.mean,0.0166779154152,0.00546284050688,-0.235309088004
topology_avg_katz_centrality,rotError.mean.std,0.0165253021413,0.00983925129877,-6.78426348455
topology_avg_shortest_path_length,rotError.numSamples.mean,0.0163974023105,2205.08860956,-0.00357683135662
topology_avg_shortest_path_length,transError.numSamples.mean,0.0163974023105,2182.60830356,-0.432953002114
topology_avg_closeness_centrality,rotError.numSamples.std,0.0162736206332,3160.62526095,-0.56299081405
topology_avg_closeness_centrality,transError.numSamples.std,0.0162736206332,3119.71279408,-0.212722367462
perimeter,transError.std.std,0.016006482712,0.080612162509,-0.0748143854945
roomPerimeter,rotError.mean.mean,0.0159386973831,0.00388615044191,-0.176134633951
avgRoomPerimeter,transError.std.mean,0.015528750093,0.16629586038,-0.00563692073277
topology_avg_closeness_centrality,rotError.mean.mean,0.0151294298584,0.00376875714638,-0.108680190368
voronoi_avg_katz_centrality,rotError.numSamples.std,0.0148887773318,2942.52152883,-0.700629183067
voronoi_avg_katz_centrality,transError.numSamples.std,0.0148887773318,3280.29568967,-0.448423057126
topology_std_betweenness_centrality,rotError.std.std,0.0147863055583,0.0167404864195,-3.09940398418
voronoi_density,rotError.std.std,0.0143852525718,0.018235671089,-1.74315488397
voronoi_avg_katz_centrality,rotError.numSamples.mean,0.0143379040273,2284.74016929,0.00113765427493
voronoi_avg_katz_centrality,transError.numSamples.mean,0.0143379040273,2229.95133947,-0.135802276425
area,transError.std.std,0.0142426186928,0.0850838303621,-0.210863051711
topology_avg_eigenvector_centrality,rotError.std.std,0.014095517691,0.018294526686,-2.14081425279
topology_std_betweenness_centrality,rotError.mean.std,0.013810327046,0.00928117091844,-5.30659386618
topology_std_closeness_centrality,rotError.std.mean,0.0136306923669,0.00544856180905,-0.25280943124
avgRoomArea,transError.std.std,0.0136278122608,0.083321381088,-0.0812146935525
avgRoomPerimeter,transError.mean.mean,0.0134607135524,0.145064552837,-0.0652003720663
avgRoomPerimeter,rotError.mean.std,0.0133958598392,0.0091666371126,-3.68679246938
voronoi_density,rotError.mean.std,0.0133502090034,0.0100889430364,-1.89495742435
entropy,rotError.numSamples.mean,0.0131756953816,2252.16090198,-0.165581692772
entropy,transError.numSamples.mean,0.0131756953816,2198.52794798,-0.351227719728
avgRoomArea,rotError.std.mean,0.012921595923,0.00546041734298,-0.728835913364
topology_avg_eigenvector_centrality,rotError.mean.std,0.0128231674158,0.00867185713948,-9.19227863559
topology_diameter,rotError.std.mean,0.0126026456963,0.00548805058155,-0.122214271523
avgRoomPerimeter,rotError.std.std,0.0122405220982,0.01549358917,-2.31578676587
wallRatio,rotError.std.std,0.0118802380341,0.0161939372031,-2.66924685628
topology_diameter,rotError.numSamples.mean,0.0116946312159,2168.51227022,-0.0602037207522
topology_diameter,transError.numSamples.mean,0.0116946312159,2215.63389864,-0.037740374254
roomPerimeter,rotError.numSamples.std,0.0105546633755,3150.15020382,-0.236912654586
roomPerimeter,transError.numSamples.std,0.0105546633755,3225.59546233,0.0119456585742
avgRoomWallRatio,transError.mean.mean,0.0100637428825,0.143419237602,-0.0331135401008
wallRatio,transError.std.mean,0.00990709731974,0.160953718391,-0.113499003059
topology_avg_shortest_path_length,transError.std.std,0.00982636567411,0.0851570004291,-0.155781782407
topology_avg_shortest_path_length,rotError.mean.mean,0.00961539503465,0.00385544904507,-0.0914940365393
topology_std_katz_centrality,rotError.std.mean,0.0079668125815,0.00551744223598,-0.0960384964273
avgRoomWallRatio,rotError.numSamples.mean,0.00777128042635,2205.9792033,-0.215435166844
avgRoomWallRatio,transError.numSamples.mean,0.00777128042635,2155.81609472,-0.161454233892
voronoi_avg_katz_centrality,transError.std.mean,0.00752764379598,0.166272286221,-0.0346452361317
topology_radius,rotError.std.mean,0.00747391856949,0.00533182628416,-0.123419899986
voronoi_avg_katz_centrality,transError.std.std,0.00729897087403,0.0843364583784,-0.0833307925294
topology_density,rotError.std.std,0.0071669310291,0.0195287787866,-9.67563382166
topology_density,rotError.mean.std,0.0071317017944,0.00864013970427,-2.59430186813
topology_std_katz_centrality,transError.mean.std,0.00704947030025,0.0321923401727,-0.0170022385841
topology_std_katz_centrality,rotError.std.std,0.0066359392506,0.0158020415175,-2.47821653757
topology_std_katz_centrality,rotError.mean.std,0.00630358269147,0.0087370450392,-3.0712170336
voronoi_avg_katz_centrality,rotError.std.std,0.00575713756716,0.0164346492814,-1.94348329166
area,rotError.mean.mean,0.00572489579393,0.00396238321565,-0.2802845497
avgRoomArea,rotError.mean.std,0.00570084284106,0.00933980079261,-2.89173628427
topology_avg_shortest_path_length,rotError.numSamples.std,0.00565820987175,3148.85693396,-0.662784831816
topology_avg_shortest_path_length,transError.numSamples.std,0.00565820987175,3247.51517069,-1.04789493469
topology_radius,transError.std.std,0.00551334641851,0.0834513897392,-0.171849551359
voronoi_avg_katz_centrality,transError.mean.std,0.00548574464884,0.0311174411309,-0.0934910924909
avgRoomArea,rotError.std.std,0.00547379995711,0.0157433411904,-2.86214624771
wallRatio,rotError.mean.std,0.00539956771978,0.00891157855915,-3.75441266423
topology_std_katz_centrality,transError.std.std,0.00483652255308,0.0863254601446,-0.250628824702
avgRoomPerimeter,rotError.numSamples.std,0.00473789318642,3183.04275704,-0.369547286787
avgRoomPerimeter,transError.numSamples.std,0.00473789318642,3321.54082949,-0.673301600166
wallRatio,transError.mean.std,0.00468934043896,0.0325879356775,-0.119174111846
entropy,transError.std.mean,0.00454163141305,0.158208745307,-0.199920320175
topology_avg_closeness_centrality,rotError.std.mean,0.00451738808644,0.00543798567062,-0.0888291147954
entropy,transError.mean.mean,0.00432501546188,0.139647851919,-0.126945818429
avgRoomWallRatio,rotError.mean.std,0.00431611950092,0.0087926468921,-2.89772813498
voronoi_avg_katz_centrality,rotError.mean.std,0.00419118344464,0.00871781229817,-4.69819290928
area,rotError.mean.std,0.00412643184349,0.00873470945584,-3.16292641419
voronoi_avg_katz_centrality,transError.mean.mean,0.00406836505521,0.13966047272,-0.135039801489
avgRoomWallRatio,rotError.mean.mean,0.00361590465238,0.00388004499158,-0.0662632182356
avgRoomWallRatio,rotError.std.std,0.0034064292716,0.0160280391566,-1.82979822653
wallRatio,transError.mean.mean,0.00335644639866,0.139637014444,-0.146130351165
topology_numBifurcationPoints,rotError.std.std,0.00332388604125,0.0158436535914,-1.80409257659
area,rotError.std.std,0.00328085005822,0.0156592743833,-1.67066031226
avgRoomWallRatio,rotError.std.mean,0.00324751369411,0.0054932910035,-0.0955906924992
topology_std_katz_centrality,rotError.mean.mean,0.00305757687253,0.00397150538143,-0.626172948302
topology_numBifurcationPoints,rotError.mean.std,0.00278813114426,0.00865254940805,-6.19621166954
area,rotError.std.mean,0.00240671434755,0.00550465409284,-0.317661489891
topology_diameter,transError.std.std,0.00229512035274,0.0835738124538,-0.255599862401
entropy,transError.mean.std,0.00205541207151,0.0316501428393,-0.167401710081
topology_std_katz_centrality,transError.std.mean,0.00171095897484,0.159777767517,-0.234020061923
topology_std_katz_centrality,rotError.numSamples.mean,0.00169501610062,2247.55683625,-0.160150963285
topology_std_katz_centrality,transError.numSamples.mean,0.00169501610062,2259.01128896,-0.136461586045
roomPerimeter,rotError.std.std,0.00143223732409,0.0157310029152,-2.09232680638
topology_avg_shortest_path_length,rotError.std.mean,0.00136962970175,0.00547222959564,-0.146540020421
avgRoomArea,transError.mean.std,0.00135334570385,0.0313324156122,-0.133946605856
topology_diameter,rotError.std.std,0.0012406376268,0.0153821605586,-1.24718887669
topology_std_katz_centrality,rotError.numSamples.std,0.00122777896976,3141.83179782,-0.0516858175472
topology_std_katz_centrality,transError.numSamples.std,0.00122777896976,3131.35495694,-0.594266566661
topology_diameter,rotError.mean.std,0.00121837231127,0.00848715181193,-1.94157457871
wallRatio,rotError.mean.mean,0.00106907288965,0.00393820338191,-0.150730864689
topology_radius,rotError.numSamples.std,0.000993357042092,3209.58080813,-0.137362946107
topology_radius,transError.numSamples.std,0.000993357042092,3238.72550271,-0.240349710155
avgRoomWallRatio,transError.std.std,0.00088237731066,0.0841272036645,-0.17216611754
topology_std_katz_centrality,transError.mean.mean,0.000800125173916,0.140842267108,-0.214204704023
perimeter,rotError.numSamples.std,0.00077570584573,3296.52312442,-0.245949991591
perimeter,transError.numSamples.std,0.00077570584573,3259.40012296,-0.261969061068
perimeter,rotError.mean.std,0.000773111738268,0.00883594380941,-2.81229451405
avgRoomPerimeter,rotError.numSamples.mean,0.000766188960764,2270.39614372,-0.136095297028
avgRoomPerimeter,transError.numSamples.mean,0.000766188960764,2249.44725656,-0.064633267747
topology_std_closeness_centrality,rotError.std.std,0.000675776597378,0.0158136038138,-1.58764859673
avgRoomPerimeter,transError.std.std,0.000531032610001,0.0860727610333,-0.191298823199
topology_std_closeness_centrality,rotError.mean.std,0.000505254075393,0.00863847801887,-1.80927446117
avgRoomArea,rotError.numSamples.std,0.000428747508504,3129.91859008,-0.670389019029
avgRoomArea,transError.numSamples.std,0.000428747508504,3080.54001043,-0.408005794644
topology_avg_shortest_path_length,rotError.std.std,0.00030160225588,0.0156978853549,-1.50609815533
topology_avg_shortest_path_length,rotError.mean.std,0.000247653852242,0.00865390330265,-3.51088975532
roomPerimeter,rotError.mean.std,0.000247037880191,0.00873499357015,-2.09482550659
area,rotError.numSamples.std,0.000243879425147,3193.24013327,-0.573419170622
area,transError.numSamples.std,0.000243879425147,3237.08082953,-0.156118381796
avgRoomWallRatio,rotError.numSamples.std,0.000177173461927,3587.13257152,-0.285344937935
avgRoomWallRatio,transError.numSamples.std,0.000177173461927,2986.29846552,-0.29665480421
avgRoomWallRatio,transError.mean.std,0.00016062568021,0.0312783032988,-0.0545481453563
topology_avg_closeness_centrality,rotError.std.std,0.000150016584368,0.0156092825397,-2.98775921108
topology_avg_closeness_centrality,rotError.mean.std,0.000135731661164,0.00872410853382,-1.49865141641
perimeter,rotError.std.mean,0.000118110289222,0.0053771391543,-0.250469191051
avgRoomPerimeter,transError.mean.std,0.000105573179923,0.0318246126522,-0.174886643438
perimeter,rotError.mean.mean,9.86979602812e-05,0.00387219813726,-0.223256051497
topology_radius,rotError.mean.std,8.83173205797e-05,0.00851811247672,-2.46069139163
topology_diameter,rotError.numSamples.std,5.98069787303e-05,3211.80263106,-0.34482587422
topology_diameter,transError.numSamples.std,5.98069787303e-05,3235.04250763,-0.157809588151
topology_radius,rotError.std.std,5.82872279857e-05,0.0154870175201,-2.07673081332
perimeter,rotError.std.std,5.43929608691e-05,0.0158046839097,-1.89479252781
